{"cameraMode":{"drawMode":0,"name":"Shaded","section":"Shading Mode"},"sceneLighting":true,"audioPlay":false,"sceneViewState":{"showFog":true,"showMaterialUpdate":true,"showSkybox":true,"showFlares":true,"showImageEffects":true,"showParticleSystems":true},"in2DMode":false,"pivot":{"x":4.861667633056641,"y":0.5699875950813294,"z":-2.1588075160980226},"rotation":{"x":-0.05321778357028961,"y":-0.9440596699714661,"z":0.19028745591640473,"w":-0.264026403427124},"size":15.821948051452637,"orthographic":false}