{"cameraMode":{"drawMode":0,"name":"Shaded","section":"Shading Mode"},"sceneLighting":true,"audioPlay":false,"sceneViewState":{"showFog":true,"showMaterialUpdate":true,"showSkybox":true,"showFlares":true,"showImageEffects":true,"showParticleSystems":true},"in2DMode":false,"pivot":{"x":-1.9433035850524903,"y":5.2826247215271,"z":-1.14975106716156},"rotation":{"x":0.10663772374391556,"y":0.7095739245414734,"z":-0.11001873016357422,"w":0.6877710819244385},"size":13.598712921142579,"orthographic":false}