{"cameraMode":{"drawMode":0,"name":"Shaded","section":"Shading Mode"},"sceneLighting":true,"audioPlay":false,"sceneViewState":{"showFog":true,"showMaterialUpdate":false,"showSkybox":true,"showFlares":true,"showImageEffects":true,"showParticleSystems":true},"in2DMode":false,"pivot":{"x":-10.618146896362305,"y":0.23488223552703858,"z":-0.5015616416931152},"rotation":{"x":0.06543461233377457,"y":-0.7331250309944153,"z":0.07126162946224213,"w":0.6731773614883423},"size":16.84147071838379,"orthographic":false}