{"cameraMode":{"drawMode":0,"name":"Shaded","section":"Shading Mode"},"sceneLighting":true,"audioPlay":false,"sceneViewState":{"showFog":true,"showMaterialUpdate":true,"showSkybox":true,"showFlares":true,"showImageEffects":true,"showParticleSystems":true},"in2DMode":false,"pivot":{"x":-18.187740325927736,"y":-11.374053001403809,"z":31.235523223876954},"rotation":{"x":0.1413424015045166,"y":-0.34657779335975649,"z":0.05291197821497917,"w":0.9258005023002625},"size":17.341815948486329,"orthographic":false}