{"cameraMode":{"drawMode":0,"name":"Shaded","section":"Shading Mode"},"sceneLighting":true,"audioPlay":false,"sceneViewState":{"showFog":true,"showMaterialUpdate":true,"showSkybox":true,"showFlares":true,"showImageEffects":true,"showParticleSystems":true},"in2DMode":false,"pivot":{"x":1.0261297225952149,"y":1.893225908279419,"z":0.911097526550293},"rotation":{"x":-0.13115432858467103,"y":0.8335723876953125,"z":-0.2242581844329834,"w":-0.487507700920105},"size":8.624070167541504,"orthographic":false}